Timestamp,Requests
1709170068,32
1709170069,184
1709170070,438
1709170071,287
1709170072,507
1709170073,496
1709170074,478
1709170075,474
1709170076,456
1709170077,425
1709170078,463
1709170079,467
1709170080,516
1709170081,492
1709170082,457
1709170083,439
1709170084,484
1709170085,468
1709170086,466
1709170087,496
1709170088,448
1709170089,483
1709170090,430
1709170091,494
1709170092,512
1709170093,479
1709170094,489
1709170095,411
1709170096,455
1709170097,437
1709170098,470
1709170099,480
1709170100,409
1709170101,482
1709170102,446
1709170103,405
1709170104,391
1709170105,311
1709170106,302
1709170107,400
1709170108,439
1709170109,345
1709170110,381
1709170111,353
1709170112,433
1709170113,432
1709170114,423
1709170115,406
1709170116,428
1709170117,344
1709170118,413
1709170119,424
1709170120,433
1709170121,356
1709170122,405
1709170123,383
1709170124,354
1709170125,347
1709170126,419
1709170127,375
1709170128,441
1709170129,352
1709170130,313
1709170131,395
1709170132,406
1709170133,428
1709170134,420
1709170135,386
1709170136,419
1709170137,362
1709170138,346
1709170139,390
1709170140,330
1709170141,383
1709170142,399
1709170143,394
1709170144,916
1709170145,1346
1709170146,1206
1709170147,957
1709170148,1191
1709170149,1219
1709170150,1189
1709170151,1173
1709170152,1027
1709170153,1210
1709170154,1291
1709170155,1131
1709170156,1028
1709170157,1322
1709170158,1200
1709170159,1164
1709170160,1311
1709170161,1061
1709170162,1206
1709170163,1222
1709170164,1176
1709170165,1118
1709170166,1117
1709170167,1161
1709170168,1219
1709170169,1024
1709170170,1099
1709170171,1287
1709170172,1187
1709170173,1238
1709170174,1240
1709170175,1210
1709170176,1295
1709170177,1250
1709170178,1253
1709170179,1218
1709170180,1280
1709170181,1271
1709170182,1221
1709170183,1143
1709170184,1134
1709170185,890
1709170186,1202
1709170187,935
1709170188,1239
1709170189,1121
1709170190,1122
1709170191,1036
1709170192,1086
1709170193,1094
1709170194,1165
1709170195,1196
1709170196,1391
1709170197,1231
1709170198,1317
1709170199,1434
1709170200,1469
1709170201,1352
1709170202,1313
1709170203,1364
1709170204,1328
1709170205,1554
1709170206,1394
1709170207,1443
1709170208,1455
1709170209,1387
1709170210,1475
1709170211,1400
1709170212,1387
1709170213,1460
1709170214,1446
1709170215,1189
1709170216,1395
1709170217,1332
1709170218,1082
1709170219,1372
1709170220,1407
1709170221,1206
1709170222,1303
1709170223,1126
1709170224,1335
1709170225,1351
1709170226,1361
1709170227,1314
1709170228,1393
1709170229,1409
1709170230,1174
1709170231,1365
1709170232,1358
1709170233,1205
1709170234,1412
1709170235,1472
1709170236,1247
1709170237,1418
1709170238,1404
1709170239,1148
1709170240,1283
1709170241,1366
1709170242,1382
1709170243,1399
1709170244,1419
1709170245,1160
1709170246,1390
1709170247,1315
1709170248,1068
1709170249,1463
1709170250,1227
1709170251,1119
1709170252,1041
1709170253,1331
1709170254,917
1709170255,1340
1709170256,1402
1709170257,1359
1709170258,1373
1709170259,1165
1709170260,1397
1709170261,1193
1709170262,1028
1709170263,1380
1709170264,1347
1709170265,1335
1709170266,1346
1709170267,911
1709170268,1250
1709170269,1358
1709170270,1207
1709170271,1356
1709170272,1091
1709170273,939
1709170274,1408
1709170275,1188
1709170276,1366
1709170277,1403
1709170278,687
